image_url,created,description,animalID,zookeeperID
https://images.unsplash.com/photo-1579649554660-463ed1d72831?ixlib=rb-1.2.1&q=80&fm=jpg&crop=entropy&cs=tinysrgb&w=400&fit=max&ixid=eyJhcHBfaWQiOjE1ODB9,21/07/2020,"I like to play everyday, every minute of everyday. What is your favorite game? ",70,0
https://images.unsplash.com/photo-1591083896596-6b9f15f05a71?ixlib=rb-1.2.1&q=80&fm=jpg&crop=entropy&cs=tinysrgb&w=400&fit=max&ixid=eyJhcHBfaWQiOjE1ODB9,21/07/2020,"I NEEEDD A HUGGG, today I miss my friends ! I send you online hugs !",70,0
https://images.unsplash.com/photo-1572584062243-27f605fc6987?ixlib=rb-1.2.1&q=80&fm=jpg&crop=entropy&cs=tinysrgb&w=400&fit=max&ixid=eyJhcHBfaWQiOjE1ODB9,21/07/2020,"Chilling at home, I can not wait for quarantine to end so I can see all my friends!",70,0
https://www.birdfan.net/shizen/kisetsu/img/spring_060529.jpg,21/07/2020,I hope your day is as relaxed as mine ! Enjoying a beautiful day here.,69,0
https://s3-ap-northeast-1.amazonaws.com/petpedia/upload_by_admin/night_heron_bird_800.jpg,21/07/2020,If you see me i the next contest vote for me !! I am the most handsome animal right? ;) ,69,0
http://gogosmartphone.main.jp/birds/wp-content/uploads/DSC_2851-1-768x512.jpg,21/07/2020,"Chilling at home, I can not wait for quarantine to end so I can see all my friends!",69,0
http://www.kobe-ojizoo.jp/data/animal/20130316194009.jpeg,21/07/2020,I’ve been taking belly dancing lessons. Do you think I am good?”,1,0
http://www.kobe-ojizoo.jp/data/animal/20130316194014.jpeg,21/07/2020,"Chilling at home, I can not wait for quarantine to end so I can see all my friends!",1,0
http://blog-imgs-19.fc2.com/w/o/o/woodbellbangaihen/2011110417563048e.jpg,21/07/2020,"Chilling at home, I can not wait for quarantine to end so I can see all my friends!",1,0
https://images.unsplash.com/photo-1581084353730-74ecb1ae9669?ixlib=rb-1.2.1&q=80&fm=jpg&crop=entropy&cs=tinysrgb&w=400&fit=max&ixid=eyJhcHBfaWQiOjE1ODB9,21/07/2020,"I NEEEDD A HUGGG, today I miss my friends ! I send you online hugs !",4,0
https://images.unsplash.com/photo-1557273339-5741fddccfe5?ixlib=rb-1.2.1&q=80&fm=jpg&crop=entropy&cs=tinysrgb&w=400&fit=max&ixid=eyJhcHBfaWQiOjE1ODB9,21/07/2020,"Chilling at home, I can not wait for quarantine to end so I can see all my friends!",4,0
https://images.unsplash.com/photo-1566491174857-b6f75bcd6e14?ixlib=rb-1.2.1&q=80&fm=jpg&crop=entropy&cs=tinysrgb&w=400&fit=max&ixid=eyJhcHBfaWQiOjE1ODB9,21/07/2020,"I am getting ready for Tokyo 2020 olympics, I hope I will get a gold medal !! GANBATTE everyone !",4,0
https://images.unsplash.com/photo-1567018432897-0a5e68e9b30f?ixlib=rb-1.2.1&q=80&fm=jpg&crop=entropy&cs=tinysrgb&w=400&fit=max&ixid=eyJhcHBfaWQiOjE1ODB9,21/07/2020,I hope your day is as relaxed as mine ! Enjoying a beautiful day here.,3,0
https://images.unsplash.com/photo-1516008805996-d2abb468cc9a?ixlib=rb-1.2.1&q=80&fm=jpg&crop=entropy&cs=tinysrgb&w=400&fit=max&ixid=eyJhcHBfaWQiOjE1ODB9,21/07/2020,I hope your day is as relaxed as mine ! Enjoying a beautiful day here.,3,0
https://images.unsplash.com/photo-1546557036-57b741df8f5a?ixlib=rb-1.2.1&q=80&fm=jpg&crop=entropy&cs=tinysrgb&w=400&fit=max&ixid=eyJhcHBfaWQiOjE1ODB9,21/07/2020,"I am getting ready for Tokyo 2020 olympics, I hope I will get a gold medal !! GANBATTE everyone !",3,0
https://images.unsplash.com/photo-1582315112514-def9ba54f217?ixlib=rb-1.2.1&q=80&fm=jpg&crop=entropy&cs=tinysrgb&w=400&fit=max&ixid=eyJhcHBfaWQiOjE1ODB9,21/07/2020,"Chilling at home, I can not wait for quarantine to end so I can see all my friends!",2,0
https://images.unsplash.com/photo-1557431518-1f8e3d83c2b0?ixlib=rb-1.2.1&q=80&fm=jpg&crop=entropy&cs=tinysrgb&w=400&fit=max&ixid=eyJhcHBfaWQiOjE1ODB9,21/07/2020,"You are welcome, I know, I am BEAUTIFUL today! :3",2,0
https://images.unsplash.com/photo-1559041881-74dd9fd9b600?ixlib=rb-1.2.1&q=80&fm=jpg&crop=entropy&cs=tinysrgb&w=400&fit=max&ixid=eyJhcHBfaWQiOjE1ODB9,21/07/2020,"I NEEEDD A HUGGG, today I miss my friends ! I send you online hugs !",2,0
https://images.unsplash.com/photo-1536626733238-1bb1f7782c87?ixlib=rb-1.2.1&q=80&fm=jpg&crop=entropy&cs=tinysrgb&w=400&fit=max&ixid=eyJhcHBfaWQiOjE1ODB9,21/07/2020,"I NEEEDD A HUGGG, today I miss my friends ! I send you online hugs !",5,0
https://images.unsplash.com/photo-1470073755300-6ec0f9cfa01c?ixlib=rb-1.2.1&q=80&fm=jpg&crop=entropy&cs=tinysrgb&w=400&fit=max&ixid=eyJhcHBfaWQiOjE1ODB9,21/07/2020,I’ve been taking belly dancing lessons. Do you think I am good?”,5,0
https://images.unsplash.com/photo-1554490828-442467b562dd?ixlib=rb-1.2.1&q=80&fm=jpg&crop=entropy&cs=tinysrgb&w=400&fit=max&ixid=eyJhcHBfaWQiOjE1ODB9,21/07/2020,"I like to play everyday, every minute of everyday. What is your favorite game? ",5,0
http://www.tobuzoo.com/zoo/list/details/pc/0_an_64_03.jpg,21/07/2020,"I like to play everyday, every minute of everyday. What is your favorite game? ",6,0
http://www.tobuzoo.com/zoo/list/details/pc/0_an_64_07.jpg,21/07/2020,I’ve been taking belly dancing lessons. Do you think I am good?”,6,0
https://www.city.shunan.lg.jp/uploaded/image/29871.jpg,21/07/2020,"I made some new friends today, enjoying my animal life. Some friends know how to swim, but I am not so good at swimming",6,0
https://images.unsplash.com/photo-1557431177-36141475c676?ixlib=rb-1.2.1&q=80&fm=jpg&crop=entropy&cs=tinysrgb&w=400&fit=max&ixid=eyJhcHBfaWQiOjE1ODB9,21/07/2020,"I like to play everyday, every minute of everyday. What is your favorite game? ",7,0
https://www.nasu-oukoku.com/official-blog/images/2018.04%E3%82%AB%E3%83%94%E3%83%90%E3%83%A92.JPG,21/07/2020,"Today I ate soooo much, I feel like I am 200kg fatter >.<'. But the food was good so I have no regrets.",7,0
http://www.tobuzoo.com/zoo/list/details/pc/0_an_28_03.JPG,21/07/2020,I hope your day is as relaxed as mine ! Enjoying a beautiful day here.,7,0
https://pz-garden.stardust31.com/syokuniku-moku/asika-azarasi-seiuci-ka/photo/carifornia-asika(9).a~WM.jpg,21/07/2020,"I like to play everyday, every minute of everyday. What is your favorite game? ",9,0
http://www.zoocan.jp/zukan/animal_img/329-1_.jpg,21/07/2020,I’ve been taking belly dancing lessons. Do you think I am good?”,9,0
https://www.tokyo-zoo.net/temp/news/Topics/upfiles/2016_10_25_Ueno_SeaLion_PassedAway.jpg,21/07/2020,"I NEEEDD A HUGGG, today I miss my friends ! I send you online hugs !",9,0
http://www.zoocan.jp/zukan/animal_img/88-1_.jpg,21/07/2020,"I like to play everyday, every minute of everyday. What is your favorite game? ",8,0
https://upload.wikimedia.org/wikipedia/commons/2/21/Balistar_%28Leucopsar_rothschildi%29_02.jpg,21/07/2020,"Today I ate soooo much, I feel like I am 200kg fatter >.<'. But the food was good so I have no regrets.",8,0
https://cdn.britannica.com/20/154120-050-78DE15C0/lemur.jpg,21/07/2020,"I made some new friends today, enjoying my animal life. Some friends know how to swim, but I am not so good at swimming",8,0
https://images.unsplash.com/photo-1569506474518-ba135df90c6d?ixlib=rb-1.2.1&q=80&fm=jpg&crop=entropy&cs=tinysrgb&w=400&fit=max&ixid=eyJhcHBfaWQiOjE1ODB9,21/07/2020,"You are welcome, I know, I am BEAUTIFUL today! :3",13,0
https://images.unsplash.com/photo-1501619593928-bef49688c888?ixlib=rb-1.2.1&q=80&fm=jpg&crop=entropy&cs=tinysrgb&w=400&fit=max&ixid=eyJhcHBfaWQiOjE1ODB9,21/07/2020,"I made some new friends today, enjoying my animal life. Some friends know how to swim, but I am not so good at swimming",13,0
https://images.unsplash.com/photo-1522231796108-23cbe9982a9c?ixlib=rb-1.2.1&q=80&fm=jpg&crop=entropy&cs=tinysrgb&w=400&fit=max&ixid=eyJhcHBfaWQiOjE1ODB9,21/07/2020,"Chilling at home, I can not wait for quarantine to end so I can see all my friends!",13,0
https://images.unsplash.com/photo-1531338410663-88d33379ba03?ixlib=rb-1.2.1&q=80&fm=jpg&crop=entropy&cs=tinysrgb&w=400&fit=max&ixid=eyJhcHBfaWQiOjE1ODB9,21/07/2020,"Today I ate soooo much, I feel like I am 200kg fatter >.<'. But the food was good so I have no regrets.",14,0
https://images.unsplash.com/photo-1590603217867-fc9d770b0e2c?ixlib=rb-1.2.1&q=80&fm=jpg&crop=entropy&cs=tinysrgb&w=400&fit=max&ixid=eyJhcHBfaWQiOjE1ODB9,21/07/2020,"You are welcome, I know, I am BEAUTIFUL today! :3",14,0
https://images.unsplash.com/photo-1541890633-a92e223f2200?ixlib=rb-1.2.1&q=80&fm=jpg&crop=entropy&cs=tinysrgb&w=400&fit=max&ixid=eyJhcHBfaWQiOjE1ODB9,21/07/2020,I hope your day is as relaxed as mine ! Enjoying a beautiful day here.,14,0
https://upload.wikimedia.org/wikipedia/commons/thumb/e/e7/Ara_ararauna_-Singapore_BirdPark-6.jpg/800px-Ara_ararauna_-Singapore_BirdPark-6.jpg,21/07/2020,"You are welcome, I know, I am BEAUTIFUL today! :3",11,0
https://upload.wikimedia.org/wikipedia/commons/thumb/b/b3/20150419_at_Fuji_Kachoen.jpg/1024px-20150419_at_Fuji_Kachoen.jpg,21/07/2020,I hope your day is as relaxed as mine ! Enjoying a beautiful day here.,11,0
https://living-creature.com/wp-content/uploads/2017/01/ara-ararauna-883748_640.jpg,21/07/2020,"I like to play everyday, every minute of everyday. What is your favorite game? ",11,0
https://pz-garden.stardust31.com/hacyuurui/wani/alligator/photo/yousukouwaniWM%20%20(9).jpg,21/07/2020,I hope your day is as relaxed as mine ! Enjoying a beautiful day here.,16,0
https://pz-garden.stardust31.com/hacyuurui/wani/alligator/photo/yousukouwaniWM%20%20(7).jpg,21/07/2020,I’ve been taking belly dancing lessons. Do you think I am good?”,16,0
https://pz-garden.stardust31.com/hacyuurui/wani/alligator/photo/yousukouwaniWM%20%20(4).jpg,21/07/2020,"I NEEEDD A HUGGG, today I miss my friends ! I send you online hugs !",16,0
https://images.unsplash.com/photo-1539418561314-565804e349c0?ixlib=rb-1.2.1&q=80&fm=jpg&crop=entropy&cs=tinysrgb&w=400&fit=max&ixid=eyJhcHBfaWQiOjE1ODB9,21/07/2020,"I like to play everyday, every minute of everyday. What is your favorite game? ",17,0
https://images.unsplash.com/photo-1492201722955-33e840ece203?ixlib=rb-1.2.1&q=80&fm=jpg&crop=entropy&cs=tinysrgb&w=400&fit=max&ixid=eyJhcHBfaWQiOjE1ODB9,21/07/2020,I’ve been taking belly dancing lessons. Do you think I am good?”,17,0
https://images.unsplash.com/photo-1497206365907-f5e630693df0?ixlib=rb-1.2.1&q=80&fm=jpg&crop=entropy&cs=tinysrgb&w=400&fit=max&ixid=eyJhcHBfaWQiOjE1ODB9,21/07/2020,"You are welcome, I know, I am BEAUTIFUL today! :3",17,0
https://images.unsplash.com/photo-1562080411-a1afc4016a64?ixlib=rb-1.2.1&q=80&fm=jpg&crop=entropy&cs=tinysrgb&w=400&fit=max&ixid=eyJhcHBfaWQiOjE1ODB9,21/07/2020,"Chilling at home, I can not wait for quarantine to end so I can see all my friends!",12,0
https://images.unsplash.com/photo-1567732310772-bb589efdbb03?ixlib=rb-1.2.1&q=80&fm=jpg&crop=entropy&cs=tinysrgb&w=400&fit=max&ixid=eyJhcHBfaWQiOjE1ODB9,21/07/2020,"I made some new friends today, enjoying my animal life. Some friends know how to swim, but I am not so good at swimming",12,0
https://images.unsplash.com/photo-1516729557409-298ab938f00c?ixlib=rb-1.2.1&q=80&fm=jpg&crop=entropy&cs=tinysrgb&w=400&fit=max&ixid=eyJhcHBfaWQiOjE1ODB9,21/07/2020,"I NEEEDD A HUGGG, today I miss my friends ! I send you online hugs !",12,0
http://www.biopark.co.jp/animals/images/38.lama.jpg,21/07/2020,I’ve been taking belly dancing lessons. Do you think I am good?”,15,0
https://pz-garden.stardust31.com/guutei-moku/kirin-rakuda-ka/photo/ramass%20(1).JPG,21/07/2020,"I like to play everyday, every minute of everyday. What is your favorite game? ",15,0
https://hirakawazoo.jp/zukan/files/2010/12/z06_Llama01.jpg,21/07/2020,"I made some new friends today, enjoying my animal life. Some friends know how to swim, but I am not so good at swimming",15,0
https://lh3.googleusercontent.com/proxy/ibP_u007dt6M_1RqtkPl5tIJpOYiXXeVBlZQLNWcjFX13t2mpU-GDZkm2gSDgv97DZuy6XxvaU2Pp8ov79LOxbFFkWnGgKnEcmM2yXL8e_rgNdA7wt8khet21HFIaKAsbaIRtJbM5a9c_rc,21/07/2020,If you see me i the next contest vote for me !! I am the most handsome animal right? ;) ,18,0
https://lh3.googleusercontent.com/proxy/HNSkfmCJ155_ioD5-SpdMglTiineu_dBPRLrU-9Y6dR0Mgjn-slCBfoh7oYYPzFc2-kdfindjRdvjxcnYprscgHmQF4CCjgQAUc-7ctoqVCbmQ2xQU5DvcGa9vFLaKVgP5TTM-sO4lSu3vpXe4mHKTv2Mi7vJXFgjV3c7X-Gjvf75Q,21/07/2020,If you see me i the next contest vote for me !! I am the most handsome animal right? ;) ,18,0
https://encrypted-tbn0.gstatic.com/images?q=tbn%3AANd9GcS7hBd3D0wpAGmVbekCCiQOsfkkKW-PlYbHtA&usqp=CAU,21/07/2020,"I am getting ready for Tokyo 2020 olympics, I hope I will get a gold medal !! GANBATTE everyone !",18,0
https://images.unsplash.com/photo-1574105079640-5b3ebd6fb7a5?ixlib=rb-1.2.1&q=80&fm=jpg&crop=entropy&cs=tinysrgb&w=400&fit=max&ixid=eyJhcHBfaWQiOjE1ODB9,21/07/2020,"I like to play everyday, every minute of everyday. What is your favorite game? ",32,0
https://images.unsplash.com/photo-1591598606423-781c40651bf5?ixlib=rb-1.2.1&q=80&fm=jpg&crop=entropy&cs=tinysrgb&w=400&fit=max&ixid=eyJhcHBfaWQiOjE1ODB9,21/07/2020,"I like to play everyday, every minute of everyday. What is your favorite game? ",32,0
https://images.unsplash.com/photo-1511761884586-e0a748e2a028?ixlib=rb-1.2.1&q=80&fm=jpg&crop=entropy&cs=tinysrgb&w=400&fit=max&ixid=eyJhcHBfaWQiOjE1ODB9,21/07/2020,"You are welcome, I know, I am BEAUTIFUL today! :3",32,0
https://images.unsplash.com/photo-1571070201554-735ab9b94ff7?ixlib=rb-1.2.1&q=80&fm=jpg&crop=entropy&cs=tinysrgb&w=400&fit=max&ixid=eyJhcHBfaWQiOjE1ODB9,21/07/2020,"Chilling at home, I can not wait for quarantine to end so I can see all my friends!",23,0
https://images.unsplash.com/photo-1546977532-4a61683ea4a0?ixlib=rb-1.2.1&q=80&fm=jpg&crop=entropy&cs=tinysrgb&w=400&fit=max&ixid=eyJhcHBfaWQiOjE1ODB9,21/07/2020,"I NEEEDD A HUGGG, today I miss my friends ! I send you online hugs !",23,0
https://images.unsplash.com/photo-1587838480572-eb9824ac16b0?ixlib=rb-1.2.1&q=80&fm=jpg&crop=entropy&cs=tinysrgb&w=400&fit=max&ixid=eyJhcHBfaWQiOjE1ODB9,21/07/2020,If you see me i the next contest vote for me !! I am the most handsome animal right? ;) ,23,0
https://images.unsplash.com/photo-1555753838-55c1a93b41a8?ixlib=rb-1.2.1&q=80&fm=jpg&crop=entropy&cs=tinysrgb&w=400&fit=max&ixid=eyJhcHBfaWQiOjE1ODB9,21/07/2020,"You are welcome, I know, I am BEAUTIFUL today! :3",19,0
https://images.unsplash.com/photo-1573578160998-4f4c7b023aec?ixlib=rb-1.2.1&q=80&fm=jpg&crop=entropy&cs=tinysrgb&w=400&fit=max&ixid=eyJhcHBfaWQiOjE1ODB9,21/07/2020,I hope your day is as relaxed as mine ! Enjoying a beautiful day here.,19,0
https://images.unsplash.com/photo-1567565932624-df6796fd9342?ixlib=rb-1.2.1&q=80&fm=jpg&crop=entropy&cs=tinysrgb&w=400&fit=max&ixid=eyJhcHBfaWQiOjE1ODB9,21/07/2020,"Chilling at home, I can not wait for quarantine to end so I can see all my friends!",19,0
https://images.unsplash.com/photo-1554020938-7621701e8122?ixlib=rb-1.2.1&q=80&fm=jpg&crop=entropy&cs=tinysrgb&w=400&fit=max&ixid=eyJhcHBfaWQiOjE1ODB9,21/07/2020,If you see me i the next contest vote for me !! I am the most handsome animal right? ;) ,21,0
https://images.unsplash.com/photo-1567790834979-6df535e3715b?ixlib=rb-1.2.1&q=80&fm=jpg&crop=entropy&cs=tinysrgb&w=400&fit=max&ixid=eyJhcHBfaWQiOjE1ODB9,21/07/2020,"You are welcome, I know, I am BEAUTIFUL today! :3",21,0
https://images.unsplash.com/photo-1582315112514-def9ba54f217?ixlib=rb-1.2.1&q=80&fm=jpg&crop=entropy&cs=tinysrgb&w=400&fit=max&ixid=eyJhcHBfaWQiOjE1ODB9,21/07/2020,"Today I ate soooo much, I feel like I am 200kg fatter >.<'. But the food was good so I have no regrets.",21,0
https://images.unsplash.com/photo-1588017113104-f6fe27909841?ixlib=rb-1.2.1&q=80&fm=jpg&crop=entropy&cs=tinysrgb&w=400&fit=max&ixid=eyJhcHBfaWQiOjE1ODB9,21/07/2020,I’ve been taking belly dancing lessons. Do you think I am good?”,30,0
https://images.unsplash.com/photo-1432836606614-05efc6b80bd4?ixlib=rb-1.2.1&q=80&fm=jpg&crop=entropy&cs=tinysrgb&w=400&fit=max&ixid=eyJhcHBfaWQiOjE1ODB9,21/07/2020,I’ve been taking belly dancing lessons. Do you think I am good?”,30,0
https://images.unsplash.com/photo-1562530372-0bbd926ad3d6?ixlib=rb-1.2.1&q=80&fm=jpg&crop=entropy&cs=tinysrgb&w=400&fit=max&ixid=eyJhcHBfaWQiOjE1ODB9,21/07/2020,I hope your day is as relaxed as mine ! Enjoying a beautiful day here.,30,0
https://pz-garden.stardust31.com/tori/hukurou-wasitaka/hukurou/photo/hondo-hukurou%20(2).jpg,21/07/2020,"Today I ate soooo much, I feel like I am 200kg fatter >.<'. But the food was good so I have no regrets.",26,0
https://pz-garden.stardust31.com/tori/hukurou-wasitaka/hukurou/photo/hondo-hukurou%20(1).jpg,21/07/2020,I hope your day is as relaxed as mine ! Enjoying a beautiful day here.,26,0
https://i1.wp.com/www.zooing.net/wp-content/uploads/2009/08/ural_owl1.jpg?resize=331%2C500&ssl=1,21/07/2020,"Chilling at home, I can not wait for quarantine to end so I can see all my friends!",26,0
https://upload.wikimedia.org/wikipedia/commons/thumb/9/92/Manul1a.jpg/800px-Manul1a.jpg,21/07/2020,"Today I ate soooo much, I feel like I am 200kg fatter >.<'. But the food was good so I have no regrets.",24,0
https://i2.wp.com/buzzmag.jp/wp-content/uploads/2020/01/manuruneko_mouapi-ru_nasudoubutuoukoku_R.jpg?w=1200&ssl=1,21/07/2020,"You are welcome, I know, I am BEAUTIFUL today! :3",24,0
https://hint-pot.jp/wp-content/uploads/2019/09/2019-09-30-3.png,21/07/2020,If you see me i the next contest vote for me !! I am the most handsome animal right? ;) ,24,0
https://images.unsplash.com/photo-1577805488079-7c43b65d586c?ixlib=rb-1.2.1&q=80&fm=jpg&crop=entropy&cs=tinysrgb&w=400&fit=max&ixid=eyJhcHBfaWQiOjE1ODB9,21/07/2020,"Chilling at home, I can not wait for quarantine to end so I can see all my friends!",28,0
https://images.unsplash.com/photo-1586909049182-3f768abc63f5?ixlib=rb-1.2.1&q=80&fm=jpg&crop=entropy&cs=tinysrgb&w=400&fit=max&ixid=eyJhcHBfaWQiOjE1ODB9,21/07/2020,"I like to play everyday, every minute of everyday. What is your favorite game? ",28,0
https://pixabay.com/get/57e2d5474952a914f1dc84609629337e173ddfe2554c704c7c2b79d2964ec358_640.jpg,21/07/2020,"I am getting ready for Tokyo 2020 olympics, I hope I will get a gold medal !! GANBATTE everyone !",28,0
https://upload.wikimedia.org/wikipedia/commons/thumb/8/88/White-naped_Crane_at_Saijyo_Ehime2.jpg/800px-White-naped_Crane_at_Saijyo_Ehime2.jpg,21/07/2020,"I made some new friends today, enjoying my animal life. Some friends know how to swim, but I am not so good at swimming",20,0
http://ada-kitakyu.com/bird/bird08/m081231/img_0763a-s.jpg,21/07/2020,"I am getting ready for Tokyo 2020 olympics, I hope I will get a gold medal !! GANBATTE everyone !",20,0
https://upload.wikimedia.org/wikipedia/commons/8/88/White-naped_Crane_at_Saijyo_Ehime2.jpg,21/07/2020,"I made some new friends today, enjoying my animal life. Some friends know how to swim, but I am not so good at swimming",20,0
https://imgcp.aacdn.jp/img-a/800/auto/aa/gm/article/6/9/9/2/0/amboinensiscouro01.jpg,21/07/2020,"Chilling at home, I can not wait for quarantine to end so I can see all my friends!",22,0
https://www.tobezoo.com/animals/library/img2/marehakogame.jpg,21/07/2020,"I NEEEDD A HUGGG, today I miss my friends ! I send you online hugs !",22,0
https://tonysharks.com/Tree_of_life/Eukaryote/Opisthokonta/Malayhakogame/PA040355.JPG,21/07/2020,If you see me i the next contest vote for me !! I am the most handsome animal right? ;) ,22,0
https://pz-garden.stardust31.com/syokuniku-moku/neko-ka/photo/bobcat(4).a~WM.jpg,21/07/2020,"I NEEEDD A HUGGG, today I miss my friends ! I send you online hugs !",27,0
https://pz-garden.stardust31.com/syokuniku-moku/neko-ka/photo/bobcat(7).a~WM.jpg,21/07/2020,I hope your day is as relaxed as mine ! Enjoying a beautiful day here.,27,0
https://pz-garden.stardust31.com/syokuniku-moku/neko-ka/photo/bobcatMM%20(2).jpg,21/07/2020,"I made some new friends today, enjoying my animal life. Some friends know how to swim, but I am not so good at swimming",27,0
https://images.unsplash.com/photo-1470836047270-6c7c229fd74b?ixlib=rb-1.2.1&q=80&fm=jpg&crop=entropy&cs=tinysrgb&w=400&fit=max&ixid=eyJhcHBfaWQiOjE1ODB9,21/07/2020,"Chilling at home, I can not wait for quarantine to end so I can see all my friends!",39,0
https://images.unsplash.com/photo-1473146858589-525693ed17d7?ixlib=rb-1.2.1&q=80&fm=jpg&crop=entropy&cs=tinysrgb&w=400&fit=max&ixid=eyJhcHBfaWQiOjE1ODB9,21/07/2020,"I made some new friends today, enjoying my animal life. Some friends know how to swim, but I am not so good at swimming",39,0
https://images.unsplash.com/photo-1471602671180-19fb2b491359?ixlib=rb-1.2.1&q=80&fm=jpg&crop=entropy&cs=tinysrgb&w=400&fit=max&ixid=eyJhcHBfaWQiOjE1ODB9,21/07/2020,"I made some new friends today, enjoying my animal life. Some friends know how to swim, but I am not so good at swimming",39,0
https://pz-garden.stardust31.com/reichou-moku/omakizaru-ka/photo/boribia-risuzaruWM.jpg,21/07/2020,"I like to play everyday, every minute of everyday. What is your favorite game? ",25,0
https://pz-garden.stardust31.com/reichou-moku/omakizaru-ka/photo/boribia-risuzaru%20(5).jpg,21/07/2020,"I NEEEDD A HUGGG, today I miss my friends ! I send you online hugs !",25,0
https://images.unsplash.com/photo-1522555975300-67c8d1894a50?ixlib=rb-1.2.1&q=80&fm=jpg&crop=entropy&cs=tinysrgb&w=400&fit=max&ixid=eyJhcHBfaWQiOjE1ODB9,21/07/2020,"I NEEEDD A HUGGG, today I miss my friends ! I send you online hugs !",25,0
https://pz-garden.stardust31.com/reichou-moku/onagazaru-ka/photo/buraza-guenon.a~WM.jpg,21/07/2020,"Today I ate soooo much, I feel like I am 200kg fatter >.<'. But the food was good so I have no regrets.",42,0
https://image.shutterstock.com/image-photo/de-brazzas-monkey-260nw-1323519020.jpg,21/07/2020,"Today I ate soooo much, I feel like I am 200kg fatter >.<'. But the food was good so I have no regrets.",42,0
https://image.shutterstock.com/image-photo/de-brazzas-monkey-on-fence-260nw-54857245.jpg,21/07/2020,"I made some new friends today, enjoying my animal life. Some friends know how to swim, but I am not so good at swimming",42,0
https://images.unsplash.com/photo-1584395659355-22cad70808af?ixlib=rb-1.2.1&q=80&fm=jpg&crop=entropy&cs=tinysrgb&w=400&fit=max&ixid=eyJhcHBfaWQiOjE1ODB9,21/07/2020,I hope your day is as relaxed as mine ! Enjoying a beautiful day here.,29,0
https://images.unsplash.com/photo-1549305689-88e1f92631b2?ixlib=rb-1.2.1&q=80&fm=jpg&crop=entropy&cs=tinysrgb&w=400&fit=max&ixid=eyJhcHBfaWQiOjE1ODB9,21/07/2020,"Chilling at home, I can not wait for quarantine to end so I can see all my friends!",29,0
https://images.unsplash.com/photo-1583597194471-92d3ae2c69cd?ixlib=rb-1.2.1&q=80&fm=jpg&crop=entropy&cs=tinysrgb&w=400&fit=max&ixid=eyJhcHBfaWQiOjE1ODB9,21/07/2020,"I made some new friends today, enjoying my animal life. Some friends know how to swim, but I am not so good at swimming",29,0
http://www.tobuzoo.com/zoo/list/details/pc/0_an_2_03.JPG,21/07/2020,"I made some new friends today, enjoying my animal life. Some friends know how to swim, but I am not so good at swimming",35,0
https://cdn-ak.f.st-hatena.com/images/fotolife/a/aoihyuuga/20190213/20190213224941.jpg,21/07/2020,"Today I ate soooo much, I feel like I am 200kg fatter >.<'. But the food was good so I have no regrets.",35,0
https://cdn.4travel.jp/img/thumbnails/imk/travelogue_album/11/42/23/650x_11422381.jpg?updated_at=1542025965,21/07/2020,"I made some new friends today, enjoying my animal life. Some friends know how to swim, but I am not so good at swimming",35,0
https://images.unsplash.com/photo-1589648751789-c8ecb7a88bd5?ixlib=rb-1.2.1&q=80&fm=jpg&crop=entropy&cs=tinysrgb&w=400&fit=max&ixid=eyJhcHBfaWQiOjE1ODB9,21/07/2020,I hope your day is as relaxed as mine ! Enjoying a beautiful day here.,31,0
https://images.unsplash.com/photo-1546493619-ac19d3b4150d?ixlib=rb-1.2.1&q=80&fm=jpg&crop=entropy&cs=tinysrgb&w=400&fit=max&ixid=eyJhcHBfaWQiOjE1ODB9,21/07/2020,I hope your day is as relaxed as mine ! Enjoying a beautiful day here.,31,0
https://images.unsplash.com/photo-1551030282-de39710fd118?ixlib=rb-1.2.1&q=80&fm=jpg&crop=entropy&cs=tinysrgb&w=400&fit=max&ixid=eyJhcHBfaWQiOjE1ODB9,21/07/2020,"I made some new friends today, enjoying my animal life. Some friends know how to swim, but I am not so good at swimming",31,0
https://www.kobe-oukoku.com/wordpress/wp-content/uploads/2016/03/IMG_6216_R-700x433.jpg,21/07/2020,I hope your day is as relaxed as mine ! Enjoying a beautiful day here.,36,0
https://www.cuddly.co.jp/uploads/4/8/4/9/48494701/th-raw-img-1329_orig.jpg,21/07/2020,"Chilling at home, I can not wait for quarantine to end so I can see all my friends!",36,0
https://images.unsplash.com/photo-1552727595-159151673880?ixlib=rb-1.2.1&q=80&fm=jpg&crop=entropy&cs=tinysrgb&w=400&fit=max&ixid=eyJhcHBfaWQiOjE1ODB9,21/07/2020,I’ve been taking belly dancing lessons. Do you think I am good?”,36,0
https://images.unsplash.com/photo-1571602642271-21cb1d8531f8?ixlib=rb-1.2.1&q=80&fm=jpg&crop=entropy&cs=tinysrgb&w=400&fit=max&ixid=eyJhcHBfaWQiOjE1ODB9,21/07/2020,"You are welcome, I know, I am BEAUTIFUL today! :3",37,0
https://images.unsplash.com/photo-1580851168432-9fcec61cf2c1?ixlib=rb-1.2.1&q=80&fm=jpg&crop=entropy&cs=tinysrgb&w=400&fit=max&ixid=eyJhcHBfaWQiOjE1ODB9,21/07/2020,"I like to play everyday, every minute of everyday. What is your favorite game? ",37,0
https://images.unsplash.com/photo-1509243271451-2b84555736ad?ixlib=rb-1.2.1&q=80&fm=jpg&crop=entropy&cs=tinysrgb&w=400&fit=max&ixid=eyJhcHBfaWQiOjE1ODB9,21/07/2020,"I NEEEDD A HUGGG, today I miss my friends ! I send you online hugs !",37,0
https://images.unsplash.com/photo-1590324493291-747afe32ff58?ixlib=rb-1.2.1&q=80&fm=jpg&crop=entropy&cs=tinysrgb&w=400&fit=max&ixid=eyJhcHBfaWQiOjE1ODB9,21/07/2020,"Today I ate soooo much, I feel like I am 200kg fatter >.<'. But the food was good so I have no regrets.",38,0
https://image.shutterstock.com/image-photo/brown-capuchin-monkey-brazilian-forest-260nw-101918614.jpg,21/07/2020,I’ve been taking belly dancing lessons. Do you think I am good?”,38,0
https://image.shutterstock.com/image-photo/portrait-tufted-capuchin-cebus-apella-260nw-491784709.jpg,21/07/2020,"I NEEEDD A HUGGG, today I miss my friends ! I send you online hugs !",38,0
https://image.shutterstock.com/image-photo/leopard-tortoise-walking-slowly-on-260nw-275126783.jpg,21/07/2020,"You are welcome, I know, I am BEAUTIFUL today! :3",40,0
https://image.shutterstock.com/image-photo/leopard-tortoise-260nw-76732675.jpg,21/07/2020,"Chilling at home, I can not wait for quarantine to end so I can see all my friends!",40,0
https://image.shutterstock.com/image-photo/leopard-mountain-tortoise-stigmochelys-pardalis-260nw-181834610.jpg,21/07/2020,"Chilling at home, I can not wait for quarantine to end so I can see all my friends!",40,0
https://image.shutterstock.com/image-photo/endangered-parrot-great-green-macaw-260nw-786440446.jpg,21/07/2020,"You are welcome, I know, I am BEAUTIFUL today! :3",33,0
https://image.shutterstock.com/image-photo/green-parrot-greatgreen-macaw-ara-260nw-516954958.jpg,21/07/2020,I hope your day is as relaxed as mine ! Enjoying a beautiful day here.,33,0
https://image.shutterstock.com/image-photo/great-green-macaw-bali-indonesia-260nw-701953573.jpg,21/07/2020,"You are welcome, I know, I am BEAUTIFUL today! :3",33,0
https://image.shutterstock.com/image-photo/portrait-siamang-wildlife-phptography-260nw-1220749489.jpg,21/07/2020,"I NEEEDD A HUGGG, today I miss my friends ! I send you online hugs !",34,0
https://image.shutterstock.com/image-photo/siamang-face-animal-closeup-calling-260nw-1540373483.jpg,21/07/2020,"Chilling at home, I can not wait for quarantine to end so I can see all my friends!",34,0
https://image.shutterstock.com/image-photo/siamang-arboreal-blackfurred-gibbon-native-260nw-1478738351.jpg,21/07/2020,"Chilling at home, I can not wait for quarantine to end so I can see all my friends!",34,0
https://image.shutterstock.com/image-photo/lone-corriedale-sheep-looking-camera-260nw-467423729.jpg,21/07/2020,"Today I ate soooo much, I feel like I am 200kg fatter >.<'. But the food was good so I have no regrets.",41,0
https://image.shutterstock.com/image-photo/corriedale-sheep-looking-camera-field-260nw-467423756.jpg,21/07/2020,If you see me i the next contest vote for me !! I am the most handsome animal right? ;) ,41,0
https://image.shutterstock.com/image-photo/corriedale-sheep-dual-purpose-wool-260nw-1766357129.jpg,21/07/2020,I hope your day is as relaxed as mine ! Enjoying a beautiful day here.,41,0
https://upload.wikimedia.org/wikipedia/commons/thumb/2/28/Nihonkamoshika-akita.JPG/1024px-Nihonkamoshika-akita.JPG,21/07/2020,"Today I ate soooo much, I feel like I am 200kg fatter >.<'. But the food was good so I have no regrets.",48,0
https://image.shutterstock.com/image-photo/japanese-serow-260nw-498966445.jpg,21/07/2020,"I NEEEDD A HUGGG, today I miss my friends ! I send you online hugs !",48,0
https://image.shutterstock.com/image-photo/japanese-serow-capricornis-crispus-japan-260nw-118245832.jpg,21/07/2020,"I am getting ready for Tokyo 2020 olympics, I hope I will get a gold medal !! GANBATTE everyone !",48,0
https://image.shutterstock.com/image-photo/violet-turaco-perched-on-tree-260nw-200433740.jpg,21/07/2020,"You are welcome, I know, I am BEAUTIFUL today! :3",44,0
https://image.shutterstock.com/image-photo/portrait-colorful-violet-turaco-musophaga-260nw-104024096.jpg,21/07/2020,"Chilling at home, I can not wait for quarantine to end so I can see all my friends!",44,0
https://image.shutterstock.com/image-photo/violet-turaco-known-violaceous-plantain-260nw-635284289.jpg,21/07/2020,"I NEEEDD A HUGGG, today I miss my friends ! I send you online hugs !",44,0
https://image.shutterstock.com/image-photo/emydura-subglobosa-redbellied-shortnecked-turtle-260nw-111439568.jpg,21/07/2020,"I NEEEDD A HUGGG, today I miss my friends ! I send you online hugs !",45,0
https://image.shutterstock.com/image-photo/redbellied-shortnecked-turtle-emydura-subglobosa-260nw-396108562.jpg,21/07/2020,I hope your day is as relaxed as mine ! Enjoying a beautiful day here.,45,0
https://image.shutterstock.com/image-photo/red-breasted-turtle-swimming-water-260nw-1649654173.jpg,21/07/2020,"I like to play everyday, every minute of everyday. What is your favorite game? ",45,0
https://i.pinimg.com/736x/4f/34/be/4f34bea93875e356bee233445e7dc11f.jpg,21/07/2020,"Chilling at home, I can not wait for quarantine to end so I can see all my friends!",43,0
https://lh3.googleusercontent.com/proxy/n-EybazxL9cZKD9CGbdQD22gdUOV2TC1LvJjgp8CfwqFOvbJ8p_mCE0z5IozxDSh8TjOgeGopWZ6oRqkUvHnZ3iHxu6F-hGix-DOrJ_HWIbiHOvb,21/07/2020,If you see me i the next contest vote for me !! I am the most handsome animal right? ;) ,43,0
https://lh3.googleusercontent.com/proxy/Et_UujSurl9ZaEcmemzXBGPt1q_Th0VYQHBr7RCjGQKP1qFlStyGaRrjmoCbLD-s79gwV14rzNgvVvbUF-gWd1St_9PHrc8,21/07/2020,I hope your day is as relaxed as mine ! Enjoying a beautiful day here.,43,0
https://image.shutterstock.com/image-photo/tibetan-blue-bear-horse-bearthe-260nw-642207922.jpg,21/07/2020,"Chilling at home, I can not wait for quarantine to end so I can see all my friends!",57,0
https://image.shutterstock.com/image-photo/facial-features-tibetan-blue-bear-260nw-642207904.jpg,21/07/2020,"I NEEEDD A HUGGG, today I miss my friends ! I send you online hugs !",57,0
https://image.shutterstock.com/image-photo/facial-features-tibetan-blue-bear-260nw-642212641.jpg,21/07/2020,"I like to play everyday, every minute of everyday. What is your favorite game? ",57,0
https://images.unsplash.com/photo-1559629304-47a70c8c042e?ixlib=rb-1.2.1&q=80&fm=jpg&crop=entropy&cs=tinysrgb&w=400&fit=max&ixid=eyJhcHBfaWQiOjE1ODB9,21/07/2020,"Today I ate soooo much, I feel like I am 200kg fatter >.<'. But the food was good so I have no regrets.",46,0
https://images.unsplash.com/photo-1562045540-fdb3a6251cf9?ixlib=rb-1.2.1&q=80&fm=jpg&crop=entropy&cs=tinysrgb&w=400&fit=max&ixid=eyJhcHBfaWQiOjE1ODB9,21/07/2020,"Today I ate soooo much, I feel like I am 200kg fatter >.<'. But the food was good so I have no regrets.",46,0
https://nd.natureasia.com/figure/5358/71656/phone/1,21/07/2020,"Chilling at home, I can not wait for quarantine to end so I can see all my friends!",46,0
https://www.tokyo-zoo.net/Encyclopedia/LSpecies/XL.WESTAFRICAKOBITOWANI_2095.jpg,21/07/2020,"You are welcome, I know, I am BEAUTIFUL today! :3",49,0
http://ojizoo.jp/zukan/pic/0301004.jpg,21/07/2020,I’ve been taking belly dancing lessons. Do you think I am good?”,49,0
http://ojizoo.jp/zukan/pic/0301004a.jpg,21/07/2020,If you see me i the next contest vote for me !! I am the most handsome animal right? ;) ,49,0
https://images.unsplash.com/photo-1549451742-d13f86079cdb?ixlib=rb-1.2.1&q=80&fm=jpg&crop=entropy&cs=tinysrgb&w=400&fit=max&ixid=eyJhcHBfaWQiOjE1ODB9,21/07/2020,"I made some new friends today, enjoying my animal life. Some friends know how to swim, but I am not so good at swimming",47,0
https://images.unsplash.com/photo-1554457690-6287841b8cb1?ixlib=rb-1.2.1&q=80&fm=jpg&crop=entropy&cs=tinysrgb&w=400&fit=max&ixid=eyJhcHBfaWQiOjE1ODB9,21/07/2020,If you see me i the next contest vote for me !! I am the most handsome animal right? ;) ,47,0
https://images.unsplash.com/photo-1557926480-de2fc4ef81cd?ixlib=rb-1.2.1&q=80&fm=jpg&crop=entropy&cs=tinysrgb&w=400&fit=max&ixid=eyJhcHBfaWQiOjE1ODB9,21/07/2020,"I am getting ready for Tokyo 2020 olympics, I hope I will get a gold medal !! GANBATTE everyone !",47,0
https://upload.wikimedia.org/wikipedia/commons/a/ac/Mandschurenkranich.jpg,21/07/2020,I’ve been taking belly dancing lessons. Do you think I am good?”,55,0
https://www.visit-hokkaido.jp/assets/images/info/2015/11/121_main_image.jpg?1449218661,21/07/2020,"Today I ate soooo much, I feel like I am 200kg fatter >.<'. But the food was good so I have no regrets.",55,0
https://grapee.jp/wp-content/uploads/21240_03.jpg,21/07/2020,"You are welcome, I know, I am BEAUTIFUL today! :3",55,0
https://stat.ameba.jp/user_images/20200119/00/gro-samui/24/fb/j/o0560032614698387164.jpg?caw=800,21/07/2020,"I am getting ready for Tokyo 2020 olympics, I hope I will get a gold medal !! GANBATTE everyone !",53,0
https://scontent-nrt1-1.xx.fbcdn.net/v/t31.0-0/p640x640/13063078_10153629877582106_1145263525348565758_o.jpg?_nc_cat=109&_nc_sid=2d5d41&_nc_ohc=C3ga5CIhpoYAX8b0wRx&_nc_ht=scontent-nrt1-1.xx&_nc_tp=6&oh=2d1d4f23def9a4ea2f8aecbcfc613dfb&oe=5F2CFC18,21/07/2020,"Today I ate soooo much, I feel like I am 200kg fatter >.<'. But the food was good so I have no regrets.",53,0
https://www.eprc.asia/wp-content/uploads/2019/06/Bengal-Slow-Loris-620x420-3.jpg,21/07/2020,I’ve been taking belly dancing lessons. Do you think I am good?”,53,0
https://images.unsplash.com/photo-1431035919485-c2990db0eb0f?ixlib=rb-1.2.1&ixid=eyJhcHBfaWQiOjEyMDd9&auto=format&fit=crop&w=334&q=80,21/07/2020,"I made some new friends today, enjoying my animal life. Some friends know how to swim, but I am not so good at swimming",54,0
https://images.unsplash.com/photo-1569979227661-459bbb0ebe84?ixlib=rb-1.2.1&ixid=eyJhcHBfaWQiOjEyMDd9&auto=format&fit=crop&w=400&q=80,21/07/2020,"I like to play everyday, every minute of everyday. What is your favorite game? ",54,0
https://images.unsplash.com/photo-1568878140071-401b7960ab1b?ixlib=rb-1.2.1&auto=format&fit=crop&w=334&q=80,21/07/2020,"I NEEEDD A HUGGG, today I miss my friends ! I send you online hugs !",54,0
https://images.unsplash.com/photo-1470662061953-318cd8c6c152?ixlib=rb-1.2.1&ixid=eyJhcHBfaWQiOjEyMDd9&auto=format&fit=crop&w=750&q=80,21/07/2020,"I am getting ready for Tokyo 2020 olympics, I hope I will get a gold medal !! GANBATTE everyone !",50,0
https://images.unsplash.com/photo-1574040692842-6c45d85907a1?ixlib=rb-1.2.1&ixid=eyJhcHBfaWQiOjEyMDd9&auto=format&fit=crop&w=741&q=80,21/07/2020,"Today I ate soooo much, I feel like I am 200kg fatter >.<'. But the food was good so I have no regrets.",50,0
https://images.unsplash.com/photo-1522858547137-f1dcec554f55?ixlib=rb-1.2.1&ixid=eyJhcHBfaWQiOjEyMDd9&auto=format&fit=crop&w=750&q=80,21/07/2020,"I like to play everyday, every minute of everyday. What is your favorite game? ",50,0
https://images.pexels.com/photos/789488/pexels-photo-789488.jpeg?auto=compress&cs=tinysrgb&h=750&w=1260,21/07/2020,"I made some new friends today, enjoying my animal life. Some friends know how to swim, but I am not so good at swimming",52,0
https://images.pexels.com/photos/4276947/pexels-photo-4276947.jpeg?auto=compress&cs=tinysrgb&h=750&w=1260,21/07/2020,"I like to play everyday, every minute of everyday. What is your favorite game? ",52,0
https://images.pexels.com/photos/789484/pexels-photo-789484.jpeg?auto=compress&cs=tinysrgb&h=750&w=1260,21/07/2020,If you see me i the next contest vote for me !! I am the most handsome animal right? ;) ,52,0
https://upload.wikimedia.org/wikipedia/commons/thumb/6/66/Weisshandgibbon_tierpark_berlin.jpg/800px-Weisshandgibbon_tierpark_berlin.jpg,21/07/2020,"I am getting ready for Tokyo 2020 olympics, I hope I will get a gold medal !! GANBATTE everyone !",51,0
https://upload.wikimedia.org/wikipedia/commons/5/5e/White-handed_Gibbon_Hylobates_lar_Black_1800px.jpg,21/07/2020,"I NEEEDD A HUGGG, today I miss my friends ! I send you online hugs !",51,0
https://images.unsplash.com/photo-1553455049-f760b8ed07e9?ixlib=rb-1.2.1&ixid=eyJhcHBfaWQiOjEyMDd9&auto=format&fit=crop&w=750&q=80,21/07/2020,I hope your day is as relaxed as mine ! Enjoying a beautiful day here.,51,0
https://images.unsplash.com/photo-1580868880941-5604f906e3a8?ixlib=rb-1.2.1&ixid=eyJhcHBfaWQiOjEyMDd9&auto=format&fit=crop&w=690&q=80,21/07/2020,"Chilling at home, I can not wait for quarantine to end so I can see all my friends!",68,0
https://images.unsplash.com/photo-1542464183-972b09697498?ixlib=rb-1.2.1&auto=format&fit=crop&w=334&q=80,21/07/2020,I hope your day is as relaxed as mine ! Enjoying a beautiful day here.,68,0
https://images.unsplash.com/photo-1514819121162-8f4345eb8fb7?ixlib=rb-1.2.1&ixid=eyJhcHBfaWQiOjEyMDd9&auto=format&fit=crop&w=752&q=80,21/07/2020,I’ve been taking belly dancing lessons. Do you think I am good?”,68,0
https://images.unsplash.com/photo-1570061890336-562830b0bb51?ixlib=rb-1.2.1&ixid=eyJhcHBfaWQiOjEyMDd9&auto=format&fit=crop&w=752&q=80,21/07/2020,"I am getting ready for Tokyo 2020 olympics, I hope I will get a gold medal !! GANBATTE everyone !",60,0
https://images.unsplash.com/photo-1505192328429-0c8c3aadc3a3?ixlib=rb-1.2.1&ixid=eyJhcHBfaWQiOjEyMDd9&auto=format&fit=crop&w=750&q=80,21/07/2020,"You are welcome, I know, I am BEAUTIFUL today! :3",60,0
https://images.unsplash.com/photo-1509904785290-42ab09175ef0?ixlib=rb-1.2.1&ixid=eyJhcHBfaWQiOjEyMDd9&auto=format&fit=crop&w=755&q=80,21/07/2020,"You are welcome, I know, I am BEAUTIFUL today! :3",60,0
http://www.habatake.com/sale_monky/monky_images/1risu2019.gif,21/07/2020,"You are welcome, I know, I am BEAUTIFUL today! :3",67,0
https://d1e3tkalbms7za.cloudfront.net/wp-content/uploads/2015/01/06115621/shutterstock_58875131-e1483584653998.jpg,21/07/2020,"I made some new friends today, enjoying my animal life. Some friends know how to swim, but I am not so good at swimming",67,0
https://d1e3tkalbms7za.cloudfront.net/wp-content/uploads/2015/03/04041020/shutterstock_333118592-e1483663770622.jpg,21/07/2020,I’ve been taking belly dancing lessons. Do you think I am good?”,67,0
http://www.tobuzoo.com/zoo/list/details/pc/0_an_22_03.jpg,21/07/2020,"Chilling at home, I can not wait for quarantine to end so I can see all my friends!",61,0
http://www.tobuzoo.com/zoo/list/details/pc/0_an_22_05.jpg,21/07/2020,If you see me i the next contest vote for me !! I am the most handsome animal right? ;) ,61,0
http://www.tobuzoo.com/zoo/list/details/pc/0_an_22_07.jpg,21/07/2020,If you see me i the next contest vote for me !! I am the most handsome animal right? ;) ,61,0
http://www.zoocan.jp/zukan/animal_img/197-1_.jpg,21/07/2020,"I NEEEDD A HUGGG, today I miss my friends ! I send you online hugs !",62,0
https://cat-press.com/wp/wp-content/uploads/2018/06/3-1.jpg,21/07/2020,"I am getting ready for Tokyo 2020 olympics, I hope I will get a gold medal !! GANBATTE everyone !",62,0
https://zoo.city.fukuoka.lg.jp/files/NewsDetail/0/NewsDetail_631_image.jpg,21/07/2020,I hope your day is as relaxed as mine ! Enjoying a beautiful day here.,62,0
https://images.unsplash.com/photo-1528313316397-ddee14ed98f0?ixlib=rb-1.2.1&ixid=eyJhcHBfaWQiOjEyMDd9&auto=format&fit=crop&w=750&q=80,21/07/2020,"I NEEEDD A HUGGG, today I miss my friends ! I send you online hugs !",65,0
https://images.unsplash.com/photo-1570523322326-e3afb7193d97?ixlib=rb-1.2.1&ixid=eyJhcHBfaWQiOjEyMDd9&auto=format&fit=crop&w=750&q=80,21/07/2020,I’ve been taking belly dancing lessons. Do you think I am good?”,65,0
https://images.unsplash.com/photo-1528238344097-a8994f7c74e4?ixlib=rb-1.2.1&auto=format&fit=crop&w=334&q=80,21/07/2020,I hope your day is as relaxed as mine ! Enjoying a beautiful day here.,58,0
https://images.unsplash.com/photo-1489330665690-c5c388071539?ixlib=rb-1.2.1&ixid=eyJhcHBfaWQiOjEyMDd9&auto=format&fit=crop&w=846&q=80,21/07/2020,"I NEEEDD A HUGGG, today I miss my friends ! I send you online hugs !",58,0
https://images.unsplash.com/photo-1577053708639-6fdaaf962626?ixlib=rb-1.2.1&ixid=eyJhcHBfaWQiOjEyMDd9&auto=format&fit=crop&w=334&q=80,21/07/2020,"Today I ate soooo much, I feel like I am 200kg fatter >.<'. But the food was good so I have no regrets.",58,0
https://images.unsplash.com/photo-1527118732049-c88155f2107c?ixlib=rb-1.2.1&ixid=eyJhcHBfaWQiOjEyMDd9&auto=format&fit=crop&w=334&q=80,21/07/2020,"Chilling at home, I can not wait for quarantine to end so I can see all my friends!",56,0
https://images.unsplash.com/photo-1560343787-b90cb337028e?ixlib=rb-1.2.1&ixid=eyJhcHBfaWQiOjEyMDd9&auto=format&fit=crop&w=334&q=80,21/07/2020,"I am getting ready for Tokyo 2020 olympics, I hope I will get a gold medal !! GANBATTE everyone !",56,0
https://images.unsplash.com/photo-1566487097168-e91a4f38bee2?ixlib=rb-1.2.1&ixid=eyJhcHBfaWQiOjEyMDd9&auto=format&fit=crop&w=750&q=80,21/07/2020,"Chilling at home, I can not wait for quarantine to end so I can see all my friends!",56,0
https://www.itozu-zoo.jp/friends/assets_c/2012/03/%E3%82%B3%E3%83%90%E3%82%BF%E3%83%B3-thumb-480xauto-501.jpg,21/07/2020,"I like to play everyday, every minute of everyday. What is your favorite game? ",63,0
https://bikensengen.net/wp/wp-content/uploads/2019/01/4594296360691de19b01afae62cb7cec_s.jpg,21/07/2020,"I like to play everyday, every minute of everyday. What is your favorite game? ",63,0
https://images.unsplash.com/photo-1591400785043-8ce841e56ac7?ixlib=rb-1.2.1&ixid=eyJhcHBfaWQiOjEyMDd9&auto=format&fit=crop&w=750&q=80,21/07/2020,"Today I ate soooo much, I feel like I am 200kg fatter >.<'. But the food was good so I have no regrets.",63,0
https://s.yimg.jp/i/kids/zukan/photo/pet/smallanimal/0022/640_480.jpg,21/07/2020,"Chilling at home, I can not wait for quarantine to end so I can see all my friends!",66,0
http://www.higopet.com/image/sysup/img/1/big_S117983.JPG,21/07/2020,"I made some new friends today, enjoying my animal life. Some friends know how to swim, but I am not so good at swimming",66,0
https://pz-garden.stardust31.com/reichou-moku/gereza-kinu-garago-ka/photo/comon-mamoset%20(8).jpg,21/07/2020,"I am getting ready for Tokyo 2020 olympics, I hope I will get a gold medal !! GANBATTE everyone !",66,0
http://www.hama-midorinokyokai.or.jp/zoo/nogeyama/assets_c/2018/06/a71ce3efd7474259c8013c9c4d8ae0d2a182f6a3-thumb-960x720-43903.jpg,21/07/2020,"You are welcome, I know, I am BEAUTIFUL today! :3",74,0
http://www.hama-midorinokyokai.or.jp/zoo/nogeyama/authorc8504/49f04e2a44ee12332b28491e23e8d1a64a73cb2d.jpg,21/07/2020,"I NEEEDD A HUGGG, today I miss my friends ! I send you online hugs !",74,0
http://www.hama-midorinokyokai.or.jp/zoo/nogeyama/authorc8504/56b986298470bb65dba99c1f87f46e99bfd41ccc.jpg,21/07/2020,"You are welcome, I know, I am BEAUTIFUL today! :3",74,0
https://www.sankeibiz.jp/images/news/200322/cpd2003220830001-p1.jpg,21/07/2020,"I made some new friends today, enjoying my animal life. Some friends know how to swim, but I am not so good at swimming",64,0
https://images.unsplash.com/photo-1530701594694-da628544d738?ixlib=rb-1.2.1&auto=format&fit=crop&w=894&q=80,21/07/2020,"I like to play everyday, every minute of everyday. What is your favorite game? ",64,0
https://images.unsplash.com/photo-1516493050975-4743df62322e?ixlib=rb-1.2.1&ixid=eyJhcHBfaWQiOjEyMDd9&auto=format&fit=crop&w=500&q=80,21/07/2020,"I am getting ready for Tokyo 2020 olympics, I hope I will get a gold medal !! GANBATTE everyone !",64,0
https://images.unsplash.com/photo-1580789951383-7cec0f79ce14?ixlib=rb-1.2.1&ixid=eyJhcHBfaWQiOjEyMDd9&auto=format&fit=crop&w=774&q=80,21/07/2020,I’ve been taking belly dancing lessons. Do you think I am good?”,10,0
https://images.unsplash.com/photo-1546470786-1bc72e490b8d?ixlib=rb-1.2.1&ixid=eyJhcHBfaWQiOjEyMDd9&auto=format&fit=crop&w=750&q=80,21/07/2020,"I NEEEDD A HUGGG, today I miss my friends ! I send you online hugs !",10,0
https://images.unsplash.com/photo-1591711584601-8914aea726a7?ixlib=rb-1.2.1&ixid=eyJhcHBfaWQiOjEyMDd9&auto=format&fit=crop&w=750&q=80,21/07/2020,I’ve been taking belly dancing lessons. Do you think I am good?”,10,0
https://www.shiretoko-kazu.com/blog/wp-content/uploads/2019/08/pixta_46231615_M.jpg,21/07/2020,"Today I ate soooo much, I feel like I am 200kg fatter >.<'. But the food was good so I have no regrets.",77,0
https://images.pexels.com/photos/56865/adler-bird-bird-of-prey-raptor-56865.jpeg?auto=compress&cs=tinysrgb&h=750&w=1260,21/07/2020,I hope your day is as relaxed as mine ! Enjoying a beautiful day here.,77,0
https://images.unsplash.com/photo-1591030204712-ee5a9bfb4ced?ixlib=rb-1.2.1&ixid=eyJhcHBfaWQiOjEyMDd9&auto=format&fit=crop&w=750&q=80,21/07/2020,If you see me i the next contest vote for me !! I am the most handsome animal right? ;) ,77,0
https://pz-garden.stardust31.com/tori/kounotori-chidori/kounotori/photo/syubasikou%20(3).jpg,21/07/2020,"You are welcome, I know, I am BEAUTIFUL today! :3",59,0
https://pz-garden.stardust31.com/tori/kounotori-chidori/kounotori/photo/syubasikou.jpg,21/07/2020,"I am getting ready for Tokyo 2020 olympics, I hope I will get a gold medal !! GANBATTE everyone !",59,0
https://pz-garden.stardust31.com/tori/kounotori-chidori/kounotori/photo/syubasikou%20(2).jpg,21/07/2020,"Today I ate soooo much, I feel like I am 200kg fatter >.<'. But the food was good so I have no regrets.",59,0
https://images.pexels.com/photos/63661/prairie-dog-gophers-croissant-rodents-63661.jpeg?auto=compress&cs=tinysrgb&h=750&w=1260,21/07/2020,"I like to play everyday, every minute of everyday. What is your favorite game? ",73,0
https://images.pexels.com/photos/3773/animals-prairie-dogs-rodents.jpg?auto=compress&cs=tinysrgb&h=750&w=1260,21/07/2020,"I like to play everyday, every minute of everyday. What is your favorite game? ",73,0
https://images.pexels.com/photos/39895/gophers-rodent-animal-prairie-dog-39895.jpeg?auto=compress&cs=tinysrgb&h=750&w=1260,21/07/2020,If you see me i the next contest vote for me !! I am the most handsome animal right? ;) ,73,0
https://images.pexels.com/photos/1625507/pexels-photo-1625507.jpeg?auto=compress&cs=tinysrgb&h=750&w=1260,21/07/2020,"I NEEEDD A HUGGG, today I miss my friends ! I send you online hugs !",71,0
https://images.pexels.com/photos/2561202/pexels-photo-2561202.jpeg?auto=compress&cs=tinysrgb&h=750&w=1260,21/07/2020,"Today I ate soooo much, I feel like I am 200kg fatter >.<'. But the food was good so I have no regrets.",71,0
https://images.pexels.com/photos/1625509/pexels-photo-1625509.jpeg?auto=compress&cs=tinysrgb&h=750&w=1260,21/07/2020,"I like to play everyday, every minute of everyday. What is your favorite game? ",71,0
https://images.pexels.com/photos/35435/pexels-photo.jpg?auto=compress&cs=tinysrgb&h=750&w=1260,21/07/2020,"Today I ate soooo much, I feel like I am 200kg fatter >.<'. But the food was good so I have no regrets.",72,0
https://images.pexels.com/photos/3048718/pexels-photo-3048718.jpeg?auto=compress&cs=tinysrgb&h=750&w=1260,21/07/2020,"I NEEEDD A HUGGG, today I miss my friends ! I send you online hugs !",72,0
https://images.pexels.com/photos/2561205/pexels-photo-2561205.jpeg?auto=compress&cs=tinysrgb&h=750&w=1260,21/07/2020,"Today I ate soooo much, I feel like I am 200kg fatter >.<'. But the food was good so I have no regrets.",72,0
https://images.unsplash.com/photo-1550909237-8912a1440073?ixlib=rb-1.2.1&ixid=eyJhcHBfaWQiOjEyMDd9&auto=format&fit=crop&w=750&q=80,21/07/2020,"You are welcome, I know, I am BEAUTIFUL today! :3",75,0
https://images.unsplash.com/photo-1528071095561-b7b74b8428c9?ixlib=rb-1.2.1&ixid=eyJhcHBfaWQiOjEyMDd9&auto=format&fit=crop&w=730&q=80,21/07/2020,"I like to play everyday, every minute of everyday. What is your favorite game? ",75,0
https://images.unsplash.com/photo-1511708345504-ac5cf4bebbe6?ixlib=rb-1.2.1&ixid=eyJhcHBfaWQiOjEyMDd9&auto=format&fit=crop&w=753&q=80,21/07/2020,I’ve been taking belly dancing lessons. Do you think I am good?”,75,0
http://www.tobuzoo.com/zoo/list/details/pc/0_an_38_03.jpg,21/07/2020,"Today I ate soooo much, I feel like I am 200kg fatter >.<'. But the food was good so I have no regrets.",76,0
https://pz-garden.stardust31.com/kansi-yokusyu-kuzira-moku/photo/ruseto-ookoumori.a~WM%20(1).jpg,21/07/2020,If you see me i the next contest vote for me !! I am the most handsome animal right? ;) ,76,0
https://userdisk.webry.biglobe.ne.jp/000/807/20/N000/000/003/128689240835016115240_10d_A121075_.jpg,21/07/2020,"I NEEEDD A HUGGG, today I miss my friends ! I send you online hugs !",76,0
https://images.unsplash.com/photo-1585110396000-c9ffd4e4b308?ixlib=rb-1.2.1&ixid=eyJhcHBfaWQiOjEyMDd9&auto=format&fit=crop&w=334&q=80,21/07/2020,"I made some new friends today, enjoying my animal life. Some friends know how to swim, but I am not so good at swimming",78,0
https://images.unsplash.com/photo-1585837814269-6630d8966ce8?ixlib=rb-1.2.1&ixid=eyJhcHBfaWQiOjEyMDd9&auto=format&fit=crop&w=334&q=80,21/07/2020,"Chilling at home, I can not wait for quarantine to end so I can see all my friends!",78,0
https://images.unsplash.com/photo-1557431518-26e2500b8680?ixlib=rb-1.2.1&ixid=eyJhcHBfaWQiOjEyMDd9&auto=format&fit=crop&w=750&q=80,21/07/2020,I hope your day is as relaxed as mine ! Enjoying a beautiful day here.,78,0
https://images.unsplash.com/photo-1537629096387-bf1e0ed74b78?ixlib=rb-1.2.1&ixid=eyJhcHBfaWQiOjEyMDd9&auto=format&fit=crop&w=751&q=80,21/07/2020,If you see me i the next contest vote for me !! I am the most handsome animal right? ;) ,79,0
https://images.unsplash.com/photo-1585696862208-ca12defa3a78?ixlib=rb-1.2.1&ixid=eyJhcHBfaWQiOjEyMDd9&auto=format&fit=crop&w=334&q=80,21/07/2020,"You are welcome, I know, I am BEAUTIFUL today! :3",79,0
https://images.unsplash.com/photo-1568965081720-a2eadffaa3e4?ixlib=rb-1.2.1&ixid=eyJhcHBfaWQiOjEyMDd9&auto=format&fit=crop&w=750&q=80,21/07/2020,"I am getting ready for Tokyo 2020 olympics, I hope I will get a gold medal !! GANBATTE everyone !",79,0
https://hirakawazoo.jp/zukan/files/2010/12/z07_Ind-Flying-Fox01.jpg,21/07/2020,"I made some new friends today, enjoying my animal life. Some friends know how to swim, but I am not so good at swimming",83,0
https://hirakawazoo.jp/zukan/files/2010/12/z07_Ind-Flying-Fox02.jpg,21/07/2020,"I like to play everyday, every minute of everyday. What is your favorite game? ",83,0
http://fruitbat.jp/fruitbats/pteropus/xinndoookoumori-surirannka/12e_1084261_s.jpg,21/07/2020,"I made some new friends today, enjoying my animal life. Some friends know how to swim, but I am not so good at swimming",83,0
https://images.unsplash.com/photo-1573143833977-db52893fdf74?ixlib=rb-1.2.1&ixid=eyJhcHBfaWQiOjEyMDd9&auto=format&fit=crop&w=750&q=80,21/07/2020,"You are welcome, I know, I am BEAUTIFUL today! :3",85,0
https://upload.wikimedia.org/wikipedia/commons/thumb/b/b2/Mantled_Guereza.jpg/250px-Mantled_Guereza.jpg,21/07/2020,"Today I ate soooo much, I feel like I am 200kg fatter >.<'. But the food was good so I have no regrets.",85,0
https://pz-garden.stardust31.com/reichou-moku/gereza-kinu-garago-ka/photo/kurosiro-korobusu.a~WMM%20(7).jpg,21/07/2020,"Chilling at home, I can not wait for quarantine to end so I can see all my friends!",85,0
https://upload.wikimedia.org/wikipedia/commons/thumb/0/00/Amur_Leopard_Panthera_pardus_orientalis_Facing_Forward_1761px.jpg/250px-Amur_Leopard_Panthera_pardus_orientalis_Facing_Forward_1761px.jpg,21/07/2020,If you see me i the next contest vote for me !! I am the most handsome animal right? ;) ,84,0
https://upload.wikimedia.org/wikipedia/commons/thumb/b/b8/Leopard_in_the_Colchester_Zoo.jpg/220px-Leopard_in_the_Colchester_Zoo.jpg,21/07/2020,"I am getting ready for Tokyo 2020 olympics, I hope I will get a gold medal !! GANBATTE everyone !",84,0
https://pz-garden.stardust31.com/syokuniku-moku/neko-ka/photo/amuru-hyou.1~WM.jpg,21/07/2020,I hope your day is as relaxed as mine ! Enjoying a beautiful day here.,84,0
https://upload.wikimedia.org/wikipedia/commons/thumb/5/5e/Coati_roux_Amiens_4.jpg/250px-Coati_roux_Amiens_4.jpg,21/07/2020,I hope your day is as relaxed as mine ! Enjoying a beautiful day here.,90,0
https://upload.wikimedia.org/wikipedia/commons/thumb/4/4e/Nasua_nasua_Ilha_Anchieta.jpg/220px-Nasua_nasua_Ilha_Anchieta.jpg,21/07/2020,"Chilling at home, I can not wait for quarantine to end so I can see all my friends!",90,0
https://www.kaiyukan.com/topics/img/%E3%82%A2%E3%82%AB%E3%83%8F%E3%83%8A%E3%82%B0%E3%83%9E2%E9%A0%AD.jpg,21/07/2020,I’ve been taking belly dancing lessons. Do you think I am good?”,90,0
https://images.unsplash.com/photo-1552301783-4009815286ea?ixlib=rb-1.2.1&ixid=eyJhcHBfaWQiOjEyMDd9&auto=format&fit=crop&w=728&q=80,21/07/2020,"Today I ate soooo much, I feel like I am 200kg fatter >.<'. But the food was good so I have no regrets.",80,0
https://images.unsplash.com/photo-1587722408951-8862b13c039d?ixlib=rb-1.2.1&ixid=eyJhcHBfaWQiOjEyMDd9&auto=format&fit=crop&w=751&q=80,21/07/2020,"You are welcome, I know, I am BEAUTIFUL today! :3",80,0
https://images.unsplash.com/photo-1590001132083-356c0fbc9332?ixlib=rb-1.2.1&ixid=eyJhcHBfaWQiOjEyMDd9&auto=format&fit=crop&w=375&q=80,21/07/2020,"You are welcome, I know, I am BEAUTIFUL today! :3",80,0
https://www.city.akita.lg.jp/_res/projects/default_project/_page_/001/003/863/akakongou.jpg,21/07/2020,"You are welcome, I know, I am BEAUTIFUL today! :3",88,0
https://www.kobe-oukoku.com/wordpress/wp-content/uploads/2018/07/5D4_6852-1200_R-700x433.jpg,21/07/2020,"You are welcome, I know, I am BEAUTIFUL today! :3",88,0
https://www.city.kushiro.lg.jp/common/000026913.jpeg,21/07/2020,I’ve been taking belly dancing lessons. Do you think I am good?”,88,0
https://upload.wikimedia.org/wikipedia/commons/thumb/4/45/Pavo_cristatus_male.jpg/800px-Pavo_cristatus_male.jpg,21/07/2020,"I made some new friends today, enjoying my animal life. Some friends know how to swim, but I am not so good at swimming",81,0
http://www.zoocan.jp/zukan/animal_img/70-1_.jpg,21/07/2020,"Chilling at home, I can not wait for quarantine to end so I can see all my friends!",81,0
http://www.zoocan.jp/zukan/animal_img/70-6.jpg,21/07/2020,I’ve been taking belly dancing lessons. Do you think I am good?”,81,0
https://images.unsplash.com/photo-1544830219-00a0e3d3b2f7?ixlib=rb-1.2.1&ixid=eyJhcHBfaWQiOjEyMDd9&auto=format&fit=crop&w=667&q=80,21/07/2020,"I am getting ready for Tokyo 2020 olympics, I hope I will get a gold medal !! GANBATTE everyone !",82,0
https://images.unsplash.com/photo-1524532882218-98c5fc732180?ixlib=rb-1.2.1&ixid=eyJhcHBfaWQiOjEyMDd9&auto=format&fit=crop&w=888&q=80,21/07/2020,"Today I ate soooo much, I feel like I am 200kg fatter >.<'. But the food was good so I have no regrets.",82,0
https://images.unsplash.com/photo-1566489564594-f2163930c034?ixlib=rb-1.2.1&ixid=eyJhcHBfaWQiOjEyMDd9&auto=format&fit=crop&w=401&q=80,21/07/2020,"I like to play everyday, every minute of everyday. What is your favorite game? ",82,0
https://pz-garden.stardust31.com/choubi-usagi-iwa-moku/zou-ka/photo/azia-zouWM.jpg,21/07/2020,I hope your day is as relaxed as mine ! Enjoying a beautiful day here.,87,0
https://pz-garden.stardust31.com/choubi-usagi-iwa-moku/zou-ka/photo/azia-zouWMM%20(5).jpg,21/07/2020,"I made some new friends today, enjoying my animal life. Some friends know how to swim, but I am not so good at swimming",87,0
https://pz-garden.stardust31.com/choubi-usagi-iwa-moku/zou-ka/photo/indo-zou(4).a~WM.jpg,21/07/2020,"I made some new friends today, enjoying my animal life. Some friends know how to swim, but I am not so good at swimming",87,0
https://images.unsplash.com/photo-1531863457105-16884de22b79?ixlib=rb-1.2.1&ixid=eyJhcHBfaWQiOjEyMDd9&auto=format&fit=crop&w=1544&q=80,21/07/2020,"I am getting ready for Tokyo 2020 olympics, I hope I will get a gold medal !! GANBATTE everyone !",89,0
https://images.unsplash.com/photo-1585747819918-b1a434c11781?ixlib=rb-1.2.1&ixid=eyJhcHBfaWQiOjEyMDd9&auto=format&fit=crop&w=667&q=80,21/07/2020,"I like to play everyday, every minute of everyday. What is your favorite game? ",89,0
https://images.unsplash.com/photo-1567790834979-6df535e3715b?ixlib=rb-1.2.1&ixid=eyJhcHBfaWQiOjEyMDd9&auto=format&fit=crop&w=627&q=80,21/07/2020,"I like to play everyday, every minute of everyday. What is your favorite game? ",89,0
https://pz-garden.stardust31.com/yuutai-moku/kangaru-ka/photo/aka-kangaru(15)a~WM.jpg,21/07/2020,"I NEEEDD A HUGGG, today I miss my friends ! I send you online hugs !",86,0
https://pz-garden.stardust31.com/yuutai-moku/kangaru-ka/photo/aka-kangaru(9)a~WM.jpg,21/07/2020,"I like to play everyday, every minute of everyday. What is your favorite game? ",86,0
https://pz-garden.stardust31.com/yuutai-moku/kangaru-ka/photo/aka-kangarywMM%20(10).jpg,21/07/2020,"Chilling at home, I can not wait for quarantine to end so I can see all my friends!",86,0
https://i.pinimg.com/564x/f1/91/43/f19143581fbc60f5f4d9d4859bdf1cb4.jpg,21/07/2020,If you see me i the next contest vote for me !! I am the most handsome animal right? ;) ,91,0
https://i.pinimg.com/564x/3a/be/eb/3abeebed5956bd2396f4539c56fb4ee5.jpg,21/07/2020,I hope your day is as relaxed as mine ! Enjoying a beautiful day here.,91,0
https://i.pinimg.com/564x/ed/7e/6c/ed7e6c1d3ef6bcc7461ab514166157d6.jpg,21/07/2020,"I made some new friends today, enjoying my animal life. Some friends know how to swim, but I am not so good at swimming",91,0
